"adapt(UU)","par[0]",par,0,
"adapt(NN)","par[1]",par,1,
"aeye(UU,UU)","par[2]",par,2,
"aeye(UU,NN)","par[3]",par,3,
"aeye(NN,UU)","par[4]",par,4,
"aeye(NN,NN)","par[5]",par,5,
"ainv(UU,UU)","par[6]",par,6,
"ainv(UU,NN)","par[7]",par,7,
"ainv(NN,UU)","par[8]",par,8,
"ainv(NN,NN)","par[9]",par,9,
"alph_rex(UU)","par[10]",par,10,
"alph_rex(NN)","par[11]",par,11,
"ashr(UU,UU)","par[12]",par,12,
"ashr(UU,NN)","par[13]",par,13,
"ashr(NN,UU)","par[14]",par,14,
"ashr(NN,NN)","par[15]",par,15,
"base_jk(a01,UU)","par[16]",par,16,
"base_jk(a01,NN)","par[17]",par,17,
"base_jk(a02,UU)","par[18]",par,18,
"base_jk(a02,NN)","par[19]",par,19,
"btucoef(g01,UU)","par[20]",par,20,
"btucoef(g01,NN)","par[21]",par,21,
"btucoef(g02,UU)","par[22]",par,22,
"btucoef(g02,NN)","par[23]",par,23,
"carcoef(g01,UU)","par[24]",par,24,
"carcoef(g01,NN)","par[25]",par,25,
"carcoef(g02,UU)","par[26]",par,26,
"carcoef(g02,NN)","par[27]",par,27,
"cd_df(g01,UU)","par[28]",par,28,
"cd_df(g01,NN)","par[29]",par,29,
"cd_df(g02,UU)","par[30]",par,30,
"cd_df(g02,NN)","par[31]",par,31,
"cd_e(a01,UU)","par[32]",par,32,
"cd_e(a01,NN)","par[33]",par,33,
"cd_e(a02,UU)","par[34]",par,34,
"cd_e(a02,NN)","par[35]",par,35,
"cd_eH(UU)","par[36]",par,36,
"cd_eH(NN)","par[37]",par,37,
"cd_eR(UU)","par[38]",par,38,
"cd_eR(NN)","par[39]",par,39,
"cd_ff(g01,UU)","par[40]",par,40,
"cd_ff(g01,NN)","par[41]",par,41,
"cd_ff(g02,UU)","par[42]",par,42,
"cd_ff(g02,NN)","par[43]",par,43,
"cd_m(a01,UU)","par[44]",par,44,
"cd_m(a01,NN)","par[45]",par,45,
"cd_m(a02,UU)","par[46]",par,46,
"cd_m(a02,NN)","par[47]",par,47,
"cd_mH(UU)","par[48]",par,48,
"cd_mH(NN)","par[49]",par,49,
"cd_mR(UU)","par[50]",par,50,
"cd_mR(NN)","par[51]",par,51,
"cd_o(a01,UU)","par[52]",par,52,
"cd_o(a01,NN)","par[53]",par,53,
"cd_o(a02,UU)","par[54]",par,54,
"cd_o(a02,NN)","par[55]",par,55,
"cd_oH(UU)","par[56]",par,56,
"cd_oH(NN)","par[57]",par,57,
"cd_oR(UU)","par[58]",par,58,
"cd_oR(NN)","par[59]",par,59,
"delta(UU)","par[60]",par,60,
"delta(NN)","par[61]",par,61,
"delta_dom(g01,UU)","par[62]",par,62,
"delta_dom(g01,NN)","par[63]",par,63,
"delta_dom(g02,UU)","par[64]",par,64,
"delta_dom(g02,NN)","par[65]",par,65,
"delta_e(UU,a01,g01)","par[66]",par,66,
"delta_e(UU,a02,g01)","par[67]",par,67,
"delta_e(NN,a01,g01)","par[68]",par,68,
"delta_e(NN,a02,g01)","par[69]",par,69,
"delta_eG(g01,UU)","par[70]",par,70,
"delta_eG(g01,NN)","par[71]",par,71,
"delta_eH(g01,UU)","par[72]",par,72,
"delta_eH(g01,NN)","par[73]",par,73,
"delta_eR(g01,UU)","par[74]",par,74,
"delta_eR(g01,NN)","par[75]",par,75,
"delta_ff(g01,UU,UU)","par[76]",par,76,
"delta_ff(g01,UU,NN)","par[77]",par,77,
"delta_ff(g01,NN,UU)","par[78]",par,78,
"delta_ff(g01,NN,NN)","par[79]",par,79,
"delta_ff(g02,UU,UU)","par[80]",par,80,
"delta_ff(g02,UU,NN)","par[81]",par,81,
"delta_ff(g02,NN,UU)","par[82]",par,82,
"delta_ff(g02,NN,NN)","par[83]",par,83,
"delta_m(UU,a01,g02)","par[84]",par,84,
"delta_m(UU,a02,g02)","par[85]",par,85,
"delta_m(NN,a01,g02)","par[86]",par,86,
"delta_m(NN,a02,g02)","par[87]",par,87,
"delta_mG(g02,UU)","par[88]",par,88,
"delta_mG(g02,NN)","par[89]",par,89,
"delta_mH(g02,UU)","par[90]",par,90,
"delta_mH(g02,NN)","par[91]",par,91,
"delta_mR(g02,UU)","par[92]",par,92,
"delta_mR(g02,NN)","par[93]",par,93,
"delta_o(K,a01,UU)","par[94]",par,94,
"delta_o(K,a01,NN)","par[95]",par,95,
"delta_o(K,a02,UU)","par[96]",par,96,
"delta_o(K,a02,NN)","par[97]",par,97,
"delta_o(L,a01,UU)","par[98]",par,98,
"delta_o(L,a01,NN)","par[99]",par,99,
"delta_o(L,a02,UU)","par[100]",par,100,
"delta_o(L,a02,NN)","par[101]",par,101,
"delta_o(E,a01,UU)","par[102]",par,102,
"delta_o(E,a01,NN)","par[103]",par,103,
"delta_o(E,a02,UU)","par[104]",par,104,
"delta_o(E,a02,NN)","par[105]",par,105,
"delta_o(M,a01,UU)","par[106]",par,106,
"delta_o(M,a01,NN)","par[107]",par,107,
"delta_o(M,a02,UU)","par[108]",par,108,
"delta_o(M,a02,NN)","par[109]",par,109,
"delta_oG(K,UU)","par[110]",par,110,
"delta_oG(K,NN)","par[111]",par,111,
"delta_oG(L,UU)","par[112]",par,112,
"delta_oG(L,NN)","par[113]",par,113,
"delta_oG(E,UU)","par[114]",par,114,
"delta_oG(E,NN)","par[115]",par,115,
"delta_oG(M,UU)","par[116]",par,116,
"delta_oG(M,NN)","par[117]",par,117,
"delta_oH(K,UU)","par[118]",par,118,
"delta_oH(K,NN)","par[119]",par,119,
"delta_oH(L,UU)","par[120]",par,120,
"delta_oH(L,NN)","par[121]",par,121,
"delta_oH(E,UU)","par[122]",par,122,
"delta_oH(E,NN)","par[123]",par,123,
"delta_oH(M,UU)","par[124]",par,124,
"delta_oH(M,NN)","par[125]",par,125,
"delta_oR(K,UU)","par[126]",par,126,
"delta_oR(K,NN)","par[127]",par,127,
"delta_oR(L,UU)","par[128]",par,128,
"delta_oR(L,NN)","par[129]",par,129,
"delta_oR(E,UU)","par[130]",par,130,
"delta_oR(E,NN)","par[131]",par,131,
"delta_oR(M,UU)","par[132]",par,132,
"delta_oR(M,NN)","par[133]",par,133,
"eer_weight(UU,UU)","par[134]",par,134,
"eer_weight(UU,NN)","par[135]",par,135,
"eer_weight(NN,UU)","par[136]",par,136,
"eer_weight(NN,NN)","par[137]",par,137,
"eurowt(UU)","par[138]",par,138,
"eurowt(NN)","par[139]",par,139,
"fore_c(UU)","par[140]",par,140,
"fore_c(NN)","par[141]",par,141,
"fore_i_y(UU)","par[142]",par,142,
"fore_i_y(NN)","par[143]",par,143,
"fore_i_z(UU)","par[144]",par,144,
"fore_i_z(NN)","par[145]",par,145,
"forei(a01,UU)","par[146]",par,146,
"forei(a01,NN)","par[147]",par,147,
"forei(a02,UU)","par[148]",par,148,
"forei(a02,NN)","par[149]",par,149,
"FTA(UU,UU)","par[150]",par,150,
"FTA(UU,NN)","par[151]",par,151,
"FTA(NN,UU)","par[152]",par,152,
"FTA(NN,NN)","par[153]",par,153,
"int_elast(UU)","par[154]",par,154,
"int_elast(NN)","par[155]",par,155,
"labgrow(UU)","par[156]",par,156,
"labgrow(NN)","par[157]",par,157,
"makeinv(g01,a01,UU)","par[158]",par,158,
"makeinv(g01,a01,NN)","par[159]",par,159,
"makeinv(g01,a02,UU)","par[160]",par,160,
"makeinv(g01,a02,NN)","par[161]",par,161,
"makeinv(g02,a01,UU)","par[162]",par,162,
"makeinv(g02,a01,NN)","par[163]",par,163,
"makeinv(g02,a02,UU)","par[164]",par,164,
"makeinv(g02,a02,NN)","par[165]",par,165,
"mongdp(UU)","par[166]",par,166,
"mongdp(NN)","par[167]",par,167,
"mpc(UU)","par[168]",par,168,
"mpc(NN)","par[169]",par,169,
"mrule_ex(UU)","par[170]",par,170,
"mrule_ex(NN)","par[171]",par,171,
"mrule_f(UU)","par[172]",par,172,
"mrule_f(NN)","par[173]",par,173,
"mrule_in(UU)","par[174]",par,174,
"mrule_in(NN)","par[175]",par,175,
"mrule_m(UU)","par[176]",par,176,
"mrule_m(NN)","par[177]",par,177,
"mrule_ny(UU)","par[178]",par,178,
"mrule_ny(NN)","par[179]",par,179,
"mrule_r(UU)","par[180]",par,180,
"mrule_r(NN)","par[181]",par,181,
"mrule_y(UU)","par[182]",par,182,
"mrule_y(NN)","par[183]",par,183,
"MUL(UU,UU)","par[184]",par,184,
"MUL(UU,NN)","par[185]",par,185,
"MUL(NN,UU)","par[186]",par,186,
"MUL(NN,NN)","par[187]",par,187,
"phi(a01,UU)","par[188]",par,188,
"phi(a01,NN)","par[189]",par,189,
"phi(a02,UU)","par[190]",par,190,
"phi(a02,NN)","par[191]",par,191,
"phi_y(UU)","par[192]",par,192,
"phi_y(NN)","par[193]",par,193,
"phi_z(UU)","par[194]",par,194,
"phi_z(NN)","par[195]",par,195,
"prid_weight(g01,UU)","par[196]",par,196,
"prid_weight(g01,NN)","par[197]",par,197,
"prid_weight(g02,UU)","par[198]",par,198,
"prid_weight(g02,NN)","par[199]",par,199,
"prim_weight(g01,UU)","par[200]",par,200,
"prim_weight(g01,NN)","par[201]",par,201,
"prim_weight(g02,UU)","par[202]",par,202,
"prim_weight(g02,NN)","par[203]",par,203,
"prix_weight(g01,UU)","par[204]",par,204,
"prix_weight(g01,NN)","par[205]",par,205,
"prix_weight(g02,UU)","par[206]",par,206,
"prix_weight(g02,NN)","par[207]",par,207,
"sigma_df(g01,UU)","par[208]",par,208,
"sigma_df(g01,NN)","par[209]",par,209,
"sigma_df(g02,UU)","par[210]",par,210,
"sigma_df(g02,NN)","par[211]",par,211,
"sigma_e(a01,UU)","par[212]",par,212,
"sigma_e(a01,NN)","par[213]",par,213,
"sigma_e(a02,UU)","par[214]",par,214,
"sigma_e(a02,NN)","par[215]",par,215,
"sigma_eH(UU)","par[216]",par,216,
"sigma_eH(NN)","par[217]",par,217,
"sigma_eR(UU)","par[218]",par,218,
"sigma_eR(NN)","par[219]",par,219,
"sigma_ff(g01,UU)","par[220]",par,220,
"sigma_ff(g01,NN)","par[221]",par,221,
"sigma_ff(g02,UU)","par[222]",par,222,
"sigma_ff(g02,NN)","par[223]",par,223,
"sigma_m(a01,UU)","par[224]",par,224,
"sigma_m(a01,NN)","par[225]",par,225,
"sigma_m(a02,UU)","par[226]",par,226,
"sigma_m(a02,NN)","par[227]",par,227,
"sigma_mH(UU)","par[228]",par,228,
"sigma_mH(NN)","par[229]",par,229,
"sigma_mR(UU)","par[230]",par,230,
"sigma_mR(NN)","par[231]",par,231,
"sigma_o(a01,UU)","par[232]",par,232,
"sigma_o(a01,NN)","par[233]",par,233,
"sigma_o(a02,UU)","par[234]",par,234,
"sigma_o(a02,NN)","par[235]",par,235,
"sigma_oH(UU)","par[236]",par,236,
"sigma_oH(NN)","par[237]",par,237,
"sigma_oR(UU)","par[238]",par,238,
"sigma_oR(NN)","par[239]",par,239,
"timepref(UU)","par[240]",par,240,
"timepref(NN)","par[241]",par,241,
"transgdp(UU)","par[242]",par,242,
"transgdp(NN)","par[243]",par,243,
"wage_p(UU)","par[244]",par,244,
"wage_p(NN)","par[245]",par,245,
"wage_q(UU)","par[246]",par,246,
"wage_q(NN)","par[247]",par,247,
"ABUY(UU)","z1l[0]",z1l,0,ABUYUU
"ABUY(NN)","z1l[1]",z1l,1,ABUYNN
"ABUY(UU)","z1r[0]",z1r,0,ABUYUU
"ABUY(NN)","z1r[1]",z1r,1,ABUYNN
"ASSE(UU,UU)","x1l[0]",x1l,0,ASSEUU
"ASSE(UU,NN)","x1l[1]",x1l,1,ASSENU
"ASSE(NN,UU)","x1l[2]",x1l,2,ASSEUN
"ASSE(NN,NN)","x1l[3]",x1l,3,ASSENN
"ASSE(UU,UU)","yxr[0]",yxr,0,ASSEUU
"ASSE(UU,NN)","yxr[1]",yxr,1,ASSENU
"ASSE(NN,UU)","yxr[2]",yxr,2,ASSEUN
"ASSE(NN,NN)","yxr[3]",yxr,3,ASSENN
"ASSU(UU)","z1l[2]",z1l,2,ASSUUU
"ASSU(NN)","z1l[3]",z1l,3,ASSUNN
"ASSU(UU)","z1r[2]",z1r,2,ASSUUU
"ASSU(NN)","z1r[3]",z1r,3,ASSUNN
"BCOL(UU)","exo[0]",exo,0,BCOLUU
"BCOL(NN)","exo[1]",exo,1,BCOLNN
"BCT(g01,UU,UU)","exo[2]",exo,2,BCT1UU
"BCT(g01,UU,NN)","exo[3]",exo,3,BCT1UN
"BCT(g01,NN,UU)","exo[4]",exo,4,BCT1NU
"BCT(g01,NN,NN)","exo[5]",exo,5,BCT1NN
"BCT(g02,UU,UU)","exo[6]",exo,6,BCT2UU
"BCT(g02,UU,NN)","exo[7]",exo,7,BCT2UN
"BCT(g02,NN,UU)","exo[8]",exo,8,BCT2NU
"BCT(g02,NN,NN)","exo[9]",exo,9,BCT2NN
"BGAS(UU)","exo[10]",exo,10,BGASUU
"BGAS(NN)","exo[11]",exo,11,BGASNN
"BOIL(UU)","exo[12]",exo,12,BOILUU
"BOIL(NN)","exo[13]",exo,13,BOILNN
"BOND(UU)","x1l[4]",x1l,4,BONDUU
"BOND(NN)","x1l[5]",x1l,5,BONDNN
"BOND(UU)","yxr[4]",yxr,4,BONDUU
"BOND(NN)","yxr[5]",yxr,5,BONDNN
"CAP(a01,UU)","x1l[6]",x1l,6,CAP1UU
"CAP(a01,NN)","x1l[7]",x1l,7,CAP1NN
"CAP(a02,UU)","x1l[8]",x1l,8,CAP2UU
"CAP(a02,NN)","x1l[9]",x1l,9,CAP2NN
"CAP(a01,UU)","yxr[6]",yxr,6,CAP1UU
"CAP(a01,NN)","yxr[7]",yxr,7,CAP1NN
"CAP(a02,UU)","yxr[8]",yxr,8,CAP2UU
"CAP(a02,NN)","yxr[9]",yxr,9,CAP2NN
"CAPY(UU)","x1l[10]",x1l,10,CAPYUU
"CAPY(NN)","x1l[11]",x1l,11,CAPYNN
"CAPY(UU)","yxr[10]",yxr,10,CAPYUU
"CAPY(NN)","yxr[11]",yxr,11,CAPYNN
"CAPZ(UU)","x1l[12]",x1l,12,CAPZUU
"CAPZ(NN)","x1l[13]",x1l,13,CAPZNN
"CAPZ(UU)","yxr[12]",yxr,12,CAPZUU
"CAPZ(NN)","yxr[13]",yxr,13,CAPZNN
"CNPE(UU)","z1l[4]",z1l,4,CNPEUU
"CNPE(NN)","z1l[5]",z1l,5,CNPENN
"CNPE(UU)","z1r[4]",z1r,4,CNPEUU
"CNPE(NN)","z1r[5]",z1r,5,CNPENN
"CNPK(UU)","z1l[6]",z1l,6,CNPKUU
"CNPK(NN)","z1l[7]",z1l,7,CNPKNN
"CNPK(UU)","z1r[6]",z1r,6,CNPKUU
"CNPK(NN)","z1r[7]",z1r,7,CNPKNN
"CNPL(UU)","z1l[8]",z1l,8,CNPLUU
"CNPL(NN)","z1l[9]",z1l,9,CNPLNN
"CNPL(UU)","z1r[8]",z1r,8,CNPLUU
"CNPL(NN)","z1r[9]",z1r,9,CNPLNN
"CNPO(UU)","z1l[10]",z1l,10,CNPOUU
"CNPO(NN)","z1l[11]",z1l,11,CNPONN
"CNPO(UU)","z1r[10]",z1r,10,CNPOUU
"CNPO(NN)","z1r[11]",z1r,11,CNPONN
"CON(g01,UU)","z1l[12]",z1l,12,CON1UU
"CON(g01,NN)","z1l[13]",z1l,13,CON1NN
"CON(g02,UU)","z1l[14]",z1l,14,CON2UU
"CON(g02,NN)","z1l[15]",z1l,15,CON2NN
"CON(g01,UU)","z1r[12]",z1r,12,CON1UU
"CON(g01,NN)","z1r[13]",z1r,13,CON1NN
"CON(g02,UU)","z1r[14]",z1r,14,CON2UU
"CON(g02,NN)","z1r[15]",z1r,15,CON2NN
"CONP(UU)","z1l[16]",z1l,16,CONPUU
"CONP(NN)","z1l[17]",z1l,17,CONPNN
"CONP(UU)","z1r[16]",z1r,16,CONPUU
"CONP(NN)","z1r[17]",z1r,17,CONPNN
"CURN(UU)","z1l[18]",z1l,18,CURNUU
"CURN(NN)","z1l[19]",z1l,19,CURNNN
"CURN(UU)","z1r[18]",z1r,18,CURNUU
"CURN(NN)","z1r[19]",z1r,19,CURNNN
"CURR(UU)","z1l[20]",z1l,20,CURRUU
"CURR(NN)","z1l[21]",z1l,21,CURRNN
"CURR(UU)","z1r[20]",z1r,20,CURRUU
"CURR(NN)","z1r[21]",z1r,21,CURRNN
"DEFI(UU)","z1l[22]",z1l,22,DEFIUU
"DEFI(NN)","z1l[23]",z1l,23,DEFINN
"DEFI(UU)","z1r[22]",z1r,22,DEFIUU
"DEFI(NN)","z1r[23]",z1r,23,DEFINN
"DEFN(UU)","z1l[24]",z1l,24,DEFNUU
"DEFN(NN)","z1l[25]",z1l,25,DEFNNN
"DEFN(UU)","z1r[24]",z1r,24,DEFNUU
"DEFN(NN)","z1r[25]",z1r,25,DEFNNN
"DEFX(UU)","exo[14]",exo,14,DEFXUU
"DEFX(NN)","exo[15]",exo,15,DEFXNN
"ECOL(UU)","exo[16]",exo,16,ECOLUU
"ECOL(NN)","exo[17]",exo,17,ECOLNN
"EGAS(UU)","exo[18]",exo,18,EGASUU
"EGAS(NN)","exo[19]",exo,19,EGASNN
"EN(a01,g01,UU)","z1l[26]",z1l,26,EN11UU
"EN(a01,g01,NN)","z1l[27]",z1l,27,EN11NN
"EN(a02,g01,UU)","z1l[28]",z1l,28,EN21UU
"EN(a02,g01,NN)","z1l[29]",z1l,29,EN21NN
"EN(a01,g01,UU)","z1r[26]",z1r,26,EN11UU
"EN(a01,g01,NN)","z1r[27]",z1r,27,EN11NN
"EN(a02,g01,UU)","z1r[28]",z1r,28,EN21UU
"EN(a02,g01,NN)","z1r[29]",z1r,29,EN21NN
"ENT(a01,UU)","z1l[30]",z1l,30,ENT1UU
"ENT(a01,NN)","z1l[31]",z1l,31,ENT1NN
"ENT(a02,UU)","z1l[32]",z1l,32,ENT2UU
"ENT(a02,NN)","z1l[33]",z1l,33,ENT2NN
"ENT(a01,UU)","z1r[30]",z1r,30,ENT1UU
"ENT(a01,NN)","z1r[31]",z1r,31,ENT1NN
"ENT(a02,UU)","z1r[32]",z1r,32,ENT2UU
"ENT(a02,NN)","z1r[33]",z1r,33,ENT2NN
"EOIL(UU)","exo[20]",exo,20,EOILUU
"EOIL(NN)","exo[21]",exo,21,EOILNN
"EPRC(UU)","z1l[34]",z1l,34,EPRCUU
"EPRC(NN)","z1l[35]",z1l,35,EPRCNN
"EPRC(UU)","z1r[34]",z1r,34,EPRCUU
"EPRC(NN)","z1r[35]",z1r,35,EPRCNN
"EXCH(UU)","x1l[14]",x1l,14,EXCHUU
"EXCH(NN)","x1l[15]",x1l,15,EXCHNU
"EXCH(UU)","yxr[14]",yxr,14,EXCHUU
"EXCH(NN)","yxr[15]",yxr,15,EXCHNU
"EXCH(UU)","x1r[14]",x1r,14,EXCHUU
"EXCH(NN)","x1r[15]",x1r,15,EXCHNU
"EXCL(UU)","x1l[16]",x1l,16,EXCLUU
"EXCL(NN)","x1l[17]",x1l,17,EXCLNN
"EXCL(UU)","yxr[16]",yxr,16,EXCLUU
"EXCL(NN)","yxr[17]",yxr,17,EXCLNN
"EXCR(UU)","exo[22]",exo,22,EXCRUU
"EXCR(NN)","exo[23]",exo,23,EXCRNN
"EXCX(UU)","exo[24]",exo,24,EXCXUU
"EXCX(NN)","exo[25]",exo,25,EXCXNN
"EXQ(g01,UU)","z1l[36]",z1l,36,EXQ1UU
"EXQ(g01,NN)","z1l[37]",z1l,37,EXQ1NN
"EXQ(g02,UU)","z1l[38]",z1l,38,EXQ2UU
"EXQ(g02,NN)","z1l[39]",z1l,39,EXQ2NN
"EXQ(g01,UU)","z1r[36]",z1r,36,EXQ1UU
"EXQ(g01,NN)","z1r[37]",z1r,37,EXQ1NN
"EXQ(g02,UU)","z1r[38]",z1r,38,EXQ2UU
"EXQ(g02,NN)","z1r[39]",z1r,39,EXQ2NN
"EXQT(UU)","z1l[40]",z1l,40,EXQTUU
"EXQT(NN)","z1l[41]",z1l,41,EXQTNN
"EXQT(UU)","z1r[40]",z1r,40,EXQTUU
"EXQT(NN)","z1r[41]",z1r,41,EXQTNN
"EYGR(UU)","z1l[42]",z1l,42,EYGRUU
"EYGR(NN)","z1l[43]",z1l,43,EYGRNN
"EYGR(UU)","z1r[42]",z1r,42,EYGRUU
"EYGR(NN)","z1r[43]",z1r,43,EYGRNN
"GCE(g01,UU)","z1l[44]",z1l,44,GCE1UU
"GCE(g01,NN)","z1l[45]",z1l,45,GCE1NN
"GCE(g02,UU)","z1l[46]",z1l,46,GCE2UU
"GCE(g02,NN)","z1l[47]",z1l,47,GCE2NN
"GCE(g01,UU)","z1r[44]",z1r,44,GCE1UU
"GCE(g01,NN)","z1r[45]",z1r,45,GCE1NN
"GCE(g02,UU)","z1r[46]",z1r,46,GCE2UU
"GCE(g02,NN)","z1r[47]",z1r,47,GCE2NN
"GCET(UU)","z1l[48]",z1l,48,GCETUU
"GCET(NN)","z1l[49]",z1l,49,GCETNN
"GCET(UU)","z1r[48]",z1r,48,GCETUU
"GCET(NN)","z1r[49]",z1r,49,GCETNN
"GDPN(UU)","z1l[50]",z1l,50,GDPNUU
"GDPN(NN)","z1l[51]",z1l,51,GDPNNN
"GDPN(UU)","z1r[50]",z1r,50,GDPNUU
"GDPN(NN)","z1r[51]",z1r,51,GDPNNN
"GDPR(UU)","z1l[52]",z1l,52,GDPRUU
"GDPR(NN)","z1l[53]",z1l,53,GDPRNN
"GDPR(UU)","z1r[52]",z1r,52,GDPRUU
"GDPR(NN)","z1r[53]",z1r,53,GDPRNN
"GNPR(UU)","z1l[54]",z1l,54,GNPRUU
"GNPR(NN)","z1l[55]",z1l,55,GNPRNN
"GNPR(UU)","z1r[54]",z1r,54,GNPRUU
"GNPR(NN)","z1r[55]",z1r,55,GNPRNN
"GOVL(UU)","exo[26]",exo,26,GOVLUU
"GOVL(NN)","exo[27]",exo,27,GOVLNN
"GOVS(UU)","exo[28]",exo,28,GOVSUU
"GOVS(NN)","exo[29]",exo,29,GOVSNN
"GOVT(UU)","z1l[56]",z1l,56,GOVTUU
"GOVT(NN)","z1l[57]",z1l,57,GOVTNN
"GOVT(UU)","z1r[56]",z1r,56,GOVTUU
"GOVT(NN)","z1r[57]",z1r,57,GOVTNN
"IIN(g01,UU)","z1l[58]",z1l,58,IIN1UU
"IIN(g01,NN)","z1l[59]",z1l,59,IIN1NN
"IIN(g02,UU)","z1l[60]",z1l,60,IIN2UU
"IIN(g02,NN)","z1l[61]",z1l,61,IIN2NN
"IIN(g01,UU)","z1r[58]",z1r,58,IIN1UU
"IIN(g01,NN)","z1r[59]",z1r,59,IIN1NN
"IIN(g02,UU)","z1r[60]",z1r,60,IIN2UU
"IIN(g02,NN)","z1r[61]",z1r,61,IIN2NN
"IITE(UU)","z1l[62]",z1l,62,IITEUU
"IITE(NN)","z1l[63]",z1l,63,IITENN
"IITE(UU)","z1r[62]",z1r,62,IITEUU
"IITE(NN)","z1r[63]",z1r,63,IITENN
"IITL(UU)","z1l[64]",z1l,64,IITLUU
"IITL(NN)","z1l[65]",z1l,65,IITLNN
"IITL(UU)","z1r[64]",z1r,64,IITLUU
"IITL(NN)","z1r[65]",z1r,65,IITLNN
"IITO(UU)","z1l[66]",z1l,66,IITOUU
"IITO(NN)","z1l[67]",z1l,67,IITONN
"IITO(UU)","z1r[66]",z1r,66,IITOUU
"IITO(NN)","z1r[67]",z1r,67,IITONN
"IMP(g01,UU,UU)","z1l[68]",z1l,68,IMP1UU
"IMP(g01,UU,NN)","z1l[69]",z1l,69,IMP1UN
"IMP(g01,NN,UU)","z1l[70]",z1l,70,IMP1NU
"IMP(g01,NN,NN)","z1l[71]",z1l,71,IMP1NN
"IMP(g02,UU,UU)","z1l[72]",z1l,72,IMP2UU
"IMP(g02,UU,NN)","z1l[73]",z1l,73,IMP2UN
"IMP(g02,NN,UU)","z1l[74]",z1l,74,IMP2NU
"IMP(g02,NN,NN)","z1l[75]",z1l,75,IMP2NN
"IMP(g01,UU,UU)","z1r[68]",z1r,68,IMP1UU
"IMP(g01,UU,NN)","z1r[69]",z1r,69,IMP1UN
"IMP(g01,NN,UU)","z1r[70]",z1r,70,IMP1NU
"IMP(g01,NN,NN)","z1r[71]",z1r,71,IMP1NN
"IMP(g02,UU,UU)","z1r[72]",z1r,72,IMP2UU
"IMP(g02,UU,NN)","z1r[73]",z1r,73,IMP2UN
"IMP(g02,NN,UU)","z1r[74]",z1r,74,IMP2NU
"IMP(g02,NN,NN)","z1r[75]",z1r,75,IMP2NN
"IMPX(g01,UU,UU)","exo[30]",exo,30,IMPX1UU
"IMPX(g01,UU,NN)","exo[31]",exo,31,IMPX1UN
"IMPX(g01,NN,UU)","exo[32]",exo,32,IMPX1NU
"IMPX(g01,NN,NN)","exo[33]",exo,33,IMPX1NN
"IMPX(g02,UU,UU)","exo[34]",exo,34,IMPX2UU
"IMPX(g02,UU,NN)","exo[35]",exo,35,IMPX2UN
"IMPX(g02,NN,UU)","exo[36]",exo,36,IMPX2NU
"IMPX(g02,NN,NN)","exo[37]",exo,37,IMPX2NN
"IMQ(g01,UU)","z1l[76]",z1l,76,IMQ1UU
"IMQ(g01,NN)","z1l[77]",z1l,77,IMQ1NN
"IMQ(g02,UU)","z1l[78]",z1l,78,IMQ2UU
"IMQ(g02,NN)","z1l[79]",z1l,79,IMQ2NN
"IMQ(g01,UU)","z1r[76]",z1r,76,IMQ1UU
"IMQ(g01,NN)","z1r[77]",z1r,77,IMQ1NN
"IMQ(g02,UU)","z1r[78]",z1r,78,IMQ2UU
"IMQ(g02,NN)","z1r[79]",z1r,79,IMQ2NN
"IMQT(UU)","z1l[80]",z1l,80,IMQTUU
"IMQT(NN)","z1l[81]",z1l,81,IMQTNN
"IMQT(UU)","z1r[80]",z1r,80,IMQTUU
"IMQT(NN)","z1r[81]",z1r,81,IMQTNN
"INAS(UU)","z1l[82]",z1l,82,INASUU
"INAS(NN)","z1l[83]",z1l,83,INASNN
"INAS(UU)","z1r[82]",z1r,82,INASUU
"INAS(NN)","z1r[83]",z1r,83,INASNN
"INCM(UU)","z1l[84]",z1l,84,INCMUU
"INCM(NN)","z1l[85]",z1l,85,INCMNN
"INCM(UU)","z1r[84]",z1r,84,INCMUU
"INCM(NN)","z1r[85]",z1r,85,INCMNN
"INFL(UU)","z1l[86]",z1l,86,INFLUU
"INFL(NN)","z1l[87]",z1l,87,INFLNN
"INFL(UU)","z1r[86]",z1r,86,INFLUU
"INFL(NN)","z1r[87]",z1r,87,INFLNN
"INFP(UU)","z1l[88]",z1l,88,INFPUU
"INFP(NN)","z1l[89]",z1l,89,INFPNN
"INFP(UU)","z1r[88]",z1r,88,INFPUU
"INFP(NN)","z1r[89]",z1r,89,INFPNN
"INFX(UU)","exo[38]",exo,38,INFXUU
"INFX(NN)","exo[39]",exo,39,INFXNN
"INPL(UU)","x1l[18]",x1l,18,INPLUU
"INPL(NN)","x1l[19]",x1l,19,INPLNN
"INPL(UU)","yxr[18]",yxr,18,INPLUU
"INPL(NN)","yxr[19]",yxr,19,INPLNN
"INPN(UU)","x1l[20]",x1l,20,INPNUU
"INPN(NN)","x1l[21]",x1l,21,INPNNN
"INPN(UU)","yxr[20]",yxr,20,INPNUU
"INPN(NN)","yxr[21]",yxr,21,INPNNN
"INPN(UU)","x1r[20]",x1r,20,INPNUU
"INPN(NN)","x1r[21]",x1r,21,INPNNN
"INS(UU,g01)","exo[40]",exo,40,INS1UU
"INS(UU,g02)","exo[41]",exo,41,INS2UU
"INS(NN,g01)","exo[42]",exo,42,INS1NN
"INS(NN,g02)","exo[43]",exo,43,INS2NN
"INTF(UU)","z1l[90]",z1l,90,INTFUU
"INTF(NN)","z1l[91]",z1l,91,INTFNN
"INTF(UU)","z1r[90]",z1r,90,INTFUU
"INTF(NN)","z1r[91]",z1r,91,INTFNN
"INTL(UU)","x1l[22]",x1l,22,INTLUU
"INTL(NN)","x1l[23]",x1l,23,INTLNN
"INTL(UU)","yxr[22]",yxr,22,INTLUU
"INTL(NN)","yxr[23]",yxr,23,INTLNN
"INTN(UU)","x1l[24]",x1l,24,INTNUU
"INTN(NN)","x1l[25]",x1l,25,INTNNN
"INTN(UU)","yxr[24]",yxr,24,INTNUU
"INTN(NN)","yxr[25]",yxr,25,INTNNN
"INTN(UU)","x1r[24]",x1r,24,INTNUU
"INTN(NN)","x1r[25]",x1r,25,INTNNN
"INTR(UU)","z1l[92]",z1l,92,INTRUU
"INTR(NN)","z1l[93]",z1l,93,INTRNN
"INTR(UU)","z1r[92]",z1r,92,INTRUU
"INTR(NN)","z1r[93]",z1r,93,INTRNN
"INTX(UU)","exo[44]",exo,44,INTXUU
"INTX(NN)","exo[45]",exo,45,INTXNN
"INV(a01,UU)","z1l[94]",z1l,94,INV1UU
"INV(a01,NN)","z1l[95]",z1l,95,INV1NN
"INV(a02,UU)","z1l[96]",z1l,96,INV2UU
"INV(a02,NN)","z1l[97]",z1l,97,INV2NN
"INV(a01,UU)","z1r[94]",z1r,94,INV1UU
"INV(a01,NN)","z1r[95]",z1r,95,INV1NN
"INV(a02,UU)","z1r[96]",z1r,96,INV2UU
"INV(a02,NN)","z1r[97]",z1r,97,INV2NN
"INVT(UU)","z1l[98]",z1l,98,INVTUU
"INVT(NN)","z1l[99]",z1l,99,INVTNN
"INVT(UU)","z1r[98]",z1r,98,INVTUU
"INVT(NN)","z1r[99]",z1r,99,INVTNN
"INVY(UU)","z1l[100]",z1l,100,INVYUU
"INVY(NN)","z1l[101]",z1l,101,INVYNN
"INVY(UU)","z1r[100]",z1r,100,INVYUU
"INVY(NN)","z1r[101]",z1r,101,INVYNN
"INVZ(UU)","z1l[102]",z1l,102,INVZUU
"INVZ(NN)","z1l[103]",z1l,103,INVZNN
"INVZ(UU)","z1r[102]",z1r,102,INVZUU
"INVZ(NN)","z1r[103]",z1r,103,INVZNN
"IRAS(UU)","z1l[104]",z1l,104,IRASUU
"IRAS(NN)","z1l[105]",z1l,105,IRASNN
"IRAS(UU)","z1r[104]",z1r,104,IRASUU
"IRAS(NN)","z1r[105]",z1r,105,IRASNN
"JNV(a01,UU)","z1l[106]",z1l,106,JNV1UU
"JNV(a01,NN)","z1l[107]",z1l,107,JNV1NN
"JNV(a02,UU)","z1l[108]",z1l,108,JNV2UU
"JNV(a02,NN)","z1l[109]",z1l,109,JNV2NN
"JNV(a01,UU)","z1r[106]",z1r,106,JNV1UU
"JNV(a01,NN)","z1r[107]",z1r,107,JNV1NN
"JNV(a02,UU)","z1r[108]",z1r,108,JNV2UU
"JNV(a02,NN)","z1r[109]",z1r,109,JNV2NN
"JNVY(UU)","z1l[110]",z1l,110,JNVYUU
"JNVY(NN)","z1l[111]",z1l,111,JNVYNN
"JNVY(UU)","z1r[110]",z1r,110,JNVYUU
"JNVY(NN)","z1r[111]",z1r,111,JNVYNN
"JNVZ(UU)","z1l[112]",z1l,112,JNVZUU
"JNVZ(NN)","z1l[113]",z1l,113,JNVZNN
"JNVZ(UU)","z1r[112]",z1r,112,JNVZUU
"JNVZ(NN)","z1r[113]",z1r,113,JNVZNN
"LAB(a01,UU)","z1l[114]",z1l,114,LAB1UU
"LAB(a01,NN)","z1l[115]",z1l,115,LAB1NN
"LAB(a02,UU)","z1l[116]",z1l,116,LAB2UU
"LAB(a02,NN)","z1l[117]",z1l,117,LAB2NN
"LAB(a01,UU)","z1r[114]",z1r,114,LAB1UU
"LAB(a01,NN)","z1r[115]",z1r,115,LAB1NN
"LAB(a02,UU)","z1r[116]",z1r,116,LAB2UU
"LAB(a02,NN)","z1r[117]",z1r,117,LAB2NN
"LABO(UU)","z1l[118]",z1l,118,LABOUU
"LABO(NN)","z1l[119]",z1l,119,LABONN
"LABO(UU)","z1r[118]",z1r,118,LABOUU
"LABO(NN)","z1r[119]",z1r,119,LABONN
"LABX(UU)","exo[46]",exo,46,LABXUU
"LABX(NN)","exo[47]",exo,47,LABXNN
"LAM(a01,UU)","j1l[0]",j1l,0,LAM1UU
"LAM(a01,NN)","j1l[1]",j1l,1,LAM1NN
"LAM(a02,UU)","j1l[2]",j1l,2,LAM2UU
"LAM(a02,NN)","j1l[3]",j1l,3,LAM2NN
"LAM(a01,UU)","yjr[0]",yjr,0,LAM1UU
"LAM(a01,NN)","yjr[1]",yjr,1,LAM1NN
"LAM(a02,UU)","yjr[2]",yjr,2,LAM2UU
"LAM(a02,NN)","yjr[3]",yjr,3,LAM2NN
"LAMY(UU)","j1l[4]",j1l,4,LAMYUU
"LAMY(NN)","j1l[5]",j1l,5,LAMYNN
"LAMY(UU)","yjr[4]",yjr,4,LAMYUU
"LAMY(NN)","yjr[5]",yjr,5,LAMYNN
"LAMZ(UU)","j1l[6]",j1l,6,LAMZUU
"LAMZ(NN)","j1l[7]",j1l,7,LAMZNN
"LAMZ(UU)","yjr[6]",yjr,6,LAMZUU
"LAMZ(NN)","yjr[7]",yjr,7,LAMZNN
"LGDPN(UU)","exo[48]",exo,48,LGDPNUU
"LGDPN(NN)","exo[49]",exo,49,LGDPNNN
"LGDPP(UU)","exo[50]",exo,50,LGDPPUU
"LGDPP(NN)","exo[51]",exo,51,LGDPPNN
"LGDPR(UU)","exo[52]",exo,52,LGDPRUU
"LGDPR(NN)","exo[53]",exo,53,LGDPRNN
"LGYL(UU)","x1l[26]",x1l,26,LGYLUU
"LGYL(NN)","x1l[27]",x1l,27,LGYLNN
"LGYL(UU)","yxr[26]",yxr,26,LGYLUU
"LGYL(NN)","yxr[27]",yxr,27,LGYLNN
"LGYX(UU)","exo[54]",exo,54,LGYXUU
"LGYX(NN)","exo[55]",exo,55,LGYXNN
"LOGY(UU)","zel[0]",zel,0,LOGYUU
"LOGY(NN)","zel[1]",zel,1,LOGYNN
"LOGY(UU)","zer[0]",zer,0,LOGYUU
"LOGY(NN)","zer[1]",zer,1,LOGYNN
"LOGY(UU)","exz[0]",exz,0,LOGYUU
"LOGY(NN)","exz[1]",exz,1,LOGYNN
"MONE(UU)","z1l[120]",z1l,120,MONEUU
"MONE(NN)","z1l[121]",z1l,121,MONENN
"MONE(UU)","z1r[120]",z1r,120,MONEUU
"MONE(NN)","z1r[121]",z1r,121,MONENN
"MONL(UU)","z1l[122]",z1l,122,MONLUU
"MONL(NN)","z1l[123]",z1l,123,MONLNN
"MONL(UU)","z1r[122]",z1r,122,MONLUU
"MONL(NN)","z1r[123]",z1r,123,MONLNN
"MONX(UU)","exo[56]",exo,56,MONXUU
"MONX(NN)","exo[57]",exo,57,MONXNN
"NB02(UU)","z1l[124]",z1l,124,NB02UU
"NB02(NN)","z1l[125]",z1l,125,NB02NN
"NB02(UU)","z1r[124]",z1r,124,NB02UU
"NB02(NN)","z1r[125]",z1r,125,NB02NN
"NB05(UU)","z1l[126]",z1l,126,NB05UU
"NB05(NN)","z1l[127]",z1l,127,NB05NN
"NB05(UU)","z1r[126]",z1r,126,NB05UU
"NB05(NN)","z1r[127]",z1r,127,NB05NN
"NB10(UU)","z1l[128]",z1l,128,NB10UU
"NB10(NN)","z1l[129]",z1l,129,NB10NN
"NB10(UU)","z1r[128]",z1r,128,NB10UU
"NB10(NN)","z1r[129]",z1r,129,NB10NN
"NEER(UU)","z1l[130]",z1l,130,NEERUU
"NEER(NN)","z1l[131]",z1l,131,NEERNN
"NEER(UU)","z1r[130]",z1r,130,NEERUU
"NEER(NN)","z1r[131]",z1r,131,NEERNN
"NGRO(UU)","z1l[132]",z1l,132,NGROUU
"NGRO(NN)","z1l[133]",z1l,133,NGRONN
"NGRO(UU)","z1r[132]",z1r,132,NGROUU
"NGRO(NN)","z1r[133]",z1r,133,NGRONN
"OI(a01,g02,UU)","z1l[134]",z1l,134,OI12UU
"OI(a01,g02,NN)","z1l[135]",z1l,135,OI12NN
"OI(a02,g02,UU)","z1l[136]",z1l,136,OI22UU
"OI(a02,g02,NN)","z1l[137]",z1l,137,OI22NN
"OI(a01,g02,UU)","z1r[134]",z1r,134,OI12UU
"OI(a01,g02,NN)","z1r[135]",z1r,135,OI12NN
"OI(a02,g02,UU)","z1r[136]",z1r,136,OI22UU
"OI(a02,g02,NN)","z1r[137]",z1r,137,OI22NN
"OIN(a01,UU)","z1l[138]",z1l,138,OIN1UU
"OIN(a01,NN)","z1l[139]",z1l,139,OIN1NN
"OIN(a02,UU)","z1l[140]",z1l,140,OIN2UU
"OIN(a02,NN)","z1l[141]",z1l,141,OIN2NN
"OIN(a01,UU)","z1r[138]",z1r,138,OIN1UU
"OIN(a01,NN)","z1r[139]",z1r,139,OIN1NN
"OIN(a02,UU)","z1r[140]",z1r,140,OIN2UU
"OIN(a02,NN)","z1r[141]",z1r,141,OIN2NN
"OUG(g01,UU)","z1l[142]",z1l,142,OUG1UU
"OUG(g01,NN)","z1l[143]",z1l,143,OUG1NN
"OUG(g02,UU)","z1l[144]",z1l,144,OUG2UU
"OUG(g02,NN)","z1l[145]",z1l,145,OUG2NN
"OUG(g01,UU)","z1r[142]",z1r,142,OUG1UU
"OUG(g01,NN)","z1r[143]",z1r,143,OUG1NN
"OUG(g02,UU)","z1r[144]",z1r,144,OUG2UU
"OUG(g02,NN)","z1r[145]",z1r,145,OUG2NN
"OUP(a01,UU)","z1l[146]",z1l,146,OUP1UU
"OUP(a01,NN)","z1l[147]",z1l,147,OUP1NN
"OUP(a02,UU)","z1l[148]",z1l,148,OUP2UU
"OUP(a02,NN)","z1l[149]",z1l,149,OUP2NN
"OUP(a01,UU)","z1r[146]",z1r,146,OUP1UU
"OUP(a01,NN)","z1r[147]",z1r,147,OUP1NN
"OUP(a02,UU)","z1r[148]",z1r,148,OUP2UU
"OUP(a02,NN)","z1r[149]",z1r,149,OUP2NN
"OUTP(UU)","z1l[150]",z1l,150,OUTPUU
"OUTP(NN)","z1l[151]",z1l,151,OUTPNN
"OUTP(UU)","z1r[150]",z1r,150,OUTPUU
"OUTP(NN)","z1r[151]",z1r,151,OUTPNN
"OUY(g01,UU)","z1l[152]",z1l,152,OUY1UU
"OUY(g01,NN)","z1l[153]",z1l,153,OUY1NN
"OUY(g02,UU)","z1l[154]",z1l,154,OUY2UU
"OUY(g02,NN)","z1l[155]",z1l,155,OUY2NN
"OUY(g01,UU)","z1r[152]",z1r,152,OUY1UU
"OUY(g01,NN)","z1r[153]",z1r,153,OUY1NN
"OUY(g02,UU)","z1r[154]",z1r,154,OUY2UU
"OUY(g02,NN)","z1r[155]",z1r,155,OUY2NN
"PBAG(UU)","exo[58]",exo,58,PBAGUU
"PBAG(NN)","exo[59]",exo,59,PBAGNN
"PBAL(UU)","exo[60]",exo,60,PBALUU
"PBAL(NN)","exo[61]",exo,61,PBALNN
"PGDP(UU)","z1l[156]",z1l,156,PGDPUU
"PGDP(NN)","z1l[157]",z1l,157,PGDPNN
"PGDP(UU)","z1r[156]",z1r,156,PGDPUU
"PGDP(NN)","z1r[157]",z1r,157,PGDPNN
"PIM(g01,UU,UU)","z1l[158]",z1l,158,PIM1UU
"PIM(g01,UU,NN)","z1l[159]",z1l,159,PIM1UN
"PIM(g01,NN,UU)","z1l[160]",z1l,160,PIM1NU
"PIM(g01,NN,NN)","z1l[161]",z1l,161,PIM1NN
"PIM(g02,UU,UU)","z1l[162]",z1l,162,PIM2UU
"PIM(g02,UU,NN)","z1l[163]",z1l,163,PIM2UN
"PIM(g02,NN,UU)","z1l[164]",z1l,164,PIM2NU
"PIM(g02,NN,NN)","z1l[165]",z1l,165,PIM2NN
"PIM(g01,UU,UU)","z1r[158]",z1r,158,PIM1UU
"PIM(g01,UU,NN)","z1r[159]",z1r,159,PIM1UN
"PIM(g01,NN,UU)","z1r[160]",z1r,160,PIM1NU
"PIM(g01,NN,NN)","z1r[161]",z1r,161,PIM1NN
"PIM(g02,UU,UU)","z1r[162]",z1r,162,PIM2UU
"PIM(g02,UU,NN)","z1r[163]",z1r,163,PIM2UN
"PIM(g02,NN,UU)","z1r[164]",z1r,164,PIM2NU
"PIM(g02,NN,NN)","z1r[165]",z1r,165,PIM2NN
"PMQ(g01,UU)","z1l[166]",z1l,166,PMQ1UU
"PMQ(g01,NN)","z1l[167]",z1l,167,PMQ1NN
"PMQ(g02,UU)","z1l[168]",z1l,168,PMQ2UU
"PMQ(g02,NN)","z1l[169]",z1l,169,PMQ2NN
"PMQ(g01,UU)","z1r[166]",z1r,166,PMQ1UU
"PMQ(g01,NN)","z1r[167]",z1r,167,PMQ1NN
"PMQ(g02,UU)","z1r[168]",z1r,168,PMQ2UU
"PMQ(g02,NN)","z1r[169]",z1r,169,PMQ2NN
"PMR(g01,UU)","z1l[170]",z1l,170,PMR1UU
"PMR(g01,NN)","z1l[171]",z1l,171,PMR1NN
"PMR(g02,UU)","z1l[172]",z1l,172,PMR2UU
"PMR(g02,NN)","z1l[173]",z1l,173,PMR2NN
"PMR(g01,UU)","z1r[170]",z1r,170,PMR1UU
"PMR(g01,NN)","z1r[171]",z1r,171,PMR1NN
"PMR(g02,UU)","z1r[172]",z1r,172,PMR2UU
"PMR(g02,NN)","z1r[173]",z1r,173,PMR2NN
"POI(a01,UU)","z1l[174]",z1l,174,POI1UU
"POI(a01,NN)","z1l[175]",z1l,175,POI1NN
"POI(a02,UU)","z1l[176]",z1l,176,POI2UU
"POI(a02,NN)","z1l[177]",z1l,177,POI2NN
"POI(a01,UU)","z1r[174]",z1r,174,POI1UU
"POI(a01,NN)","z1r[175]",z1r,175,POI1NN
"POI(a02,UU)","z1r[176]",z1r,176,POI2UU
"POI(a02,NN)","z1r[177]",z1r,177,POI2NN
"PRCE(UU)","z1l[178]",z1l,178,PRCEUU
"PRCE(NN)","z1l[179]",z1l,179,PRCENN
"PRCE(UU)","z1r[178]",z1r,178,PRCEUU
"PRCE(NN)","z1r[179]",z1r,179,PRCENN
"PRCL(UU)","x1l[28]",x1l,28,PRCLUU
"PRCL(NN)","x1l[29]",x1l,29,PRCLNN
"PRCL(UU)","yxr[28]",yxr,28,PRCLUU
"PRCL(NN)","yxr[29]",yxr,29,PRCLNN
"PRCO(UU)","z1l[180]",z1l,180,PRCOUU
"PRCO(NN)","z1l[181]",z1l,181,PRCONN
"PRCO(UU)","z1r[180]",z1r,180,PRCOUU
"PRCO(NN)","z1r[181]",z1r,181,PRCONN
"PRCT(UU)","zel[2]",zel,2,PRCTUU
"PRCT(NN)","zel[3]",zel,3,PRCTNN
"PRCT(UU)","zer[2]",zer,2,PRCTUU
"PRCT(NN)","zer[3]",zer,3,PRCTNN
"PRCT(UU)","exz[2]",exz,2,PRCTUU
"PRCT(NN)","exz[3]",exz,3,PRCTNN
"PRD(g01,UU)","z1l[182]",z1l,182,PRD1UU
"PRD(g01,NN)","z1l[183]",z1l,183,PRD1NN
"PRD(g02,UU)","z1l[184]",z1l,184,PRD2UU
"PRD(g02,NN)","z1l[185]",z1l,185,PRD2NN
"PRD(g01,UU)","z1r[182]",z1r,182,PRD1UU
"PRD(g01,NN)","z1r[183]",z1r,183,PRD1NN
"PRD(g02,UU)","z1r[184]",z1r,184,PRD2UU
"PRD(g02,NN)","z1r[185]",z1r,185,PRD2NN
"PRDL(UU)","x1l[30]",x1l,30,PRDLUU
"PRDL(NN)","x1l[31]",x1l,31,PRDLNN
"PRDL(UU)","yxr[30]",yxr,30,PRDLUU
"PRDL(NN)","yxr[31]",yxr,31,PRDLNN
"PRDX(UU)","exo[62]",exo,62,PRDXUU
"PRDX(NN)","exo[63]",exo,63,PRDXNN
"PRE(a01,UU)","z1l[186]",z1l,186,PRE1UU
"PRE(a01,NN)","z1l[187]",z1l,187,PRE1NN
"PRE(a02,UU)","z1l[188]",z1l,188,PRE2UU
"PRE(a02,NN)","z1l[189]",z1l,189,PRE2NN
"PRE(a01,UU)","z1r[186]",z1r,186,PRE1UU
"PRE(a01,NN)","z1r[187]",z1r,187,PRE1NN
"PRE(a02,UU)","z1r[188]",z1r,188,PRE2UU
"PRE(a02,NN)","z1r[189]",z1r,189,PRE2NN
"PRF(a01,UU)","z1l[190]",z1l,190,PRF1UU
"PRF(a01,NN)","z1l[191]",z1l,191,PRF1NN
"PRF(a02,UU)","z1l[192]",z1l,192,PRF2UU
"PRF(a02,NN)","z1l[193]",z1l,193,PRF2NN
"PRF(a01,UU)","z1r[190]",z1r,190,PRF1UU
"PRF(a01,NN)","z1r[191]",z1r,191,PRF1NN
"PRF(a02,UU)","z1r[192]",z1r,192,PRF2UU
"PRF(a02,NN)","z1r[193]",z1r,193,PRF2NN
"PRFT(UU)","z1l[194]",z1l,194,PRFTUU
"PRFT(NN)","z1l[195]",z1l,195,PRFTNN
"PRFT(UU)","z1r[194]",z1r,194,PRFTUU
"PRFT(NN)","z1r[195]",z1r,195,PRFTNN
"PRFY(UU)","z1l[196]",z1l,196,PRFYUU
"PRFY(NN)","z1l[197]",z1l,197,PRFYNN
"PRFY(UU)","z1r[196]",z1r,196,PRFYUU
"PRFY(NN)","z1r[197]",z1r,197,PRFYNN
"PRFZ(UU)","z1l[198]",z1l,198,PRFZUU
"PRFZ(NN)","z1l[199]",z1l,199,PRFZNN
"PRFZ(UU)","z1r[198]",z1r,198,PRFZUU
"PRFZ(NN)","z1r[199]",z1r,199,PRFZNN
"PRGT(UU)","z1l[200]",z1l,200,PRGTUU
"PRGT(NN)","z1l[201]",z1l,201,PRGTNN
"PRGT(UU)","z1r[200]",z1r,200,PRGTUU
"PRGT(NN)","z1r[201]",z1r,201,PRGTNN
"PRID(UU)","zel[4]",zel,4,PRIDUU
"PRID(NN)","zel[5]",zel,5,PRIDNN
"PRID(UU)","zer[4]",zer,4,PRIDUU
"PRID(NN)","zer[5]",zer,5,PRIDNN
"PRID(UU)","exz[4]",exz,4,PRIDUU
"PRID(NN)","exz[5]",exz,5,PRIDNN
"PRIE(UU)","z1l[202]",z1l,202,PRIEUU
"PRIE(NN)","z1l[203]",z1l,203,PRIENN
"PRIE(UU)","z1r[202]",z1r,202,PRIEUU
"PRIE(NN)","z1r[203]",z1r,203,PRIENN
"PRII(UU)","z1l[204]",z1l,204,PRIIUU
"PRII(NN)","z1l[205]",z1l,205,PRIINN
"PRII(UU)","z1r[204]",z1r,204,PRIIUU
"PRII(NN)","z1r[205]",z1r,205,PRIINN
"PRIM(UU)","z1l[206]",z1l,206,PRIMUU
"PRIM(NN)","z1l[207]",z1l,207,PRIMNN
"PRIM(UU)","z1r[206]",z1r,206,PRIMUU
"PRIM(NN)","z1r[207]",z1r,207,PRIMNN
"PRIX(UU)","z1l[208]",z1l,208,PRIXUU
"PRIX(NN)","z1l[209]",z1l,209,PRIXNN
"PRIX(UU)","z1r[208]",z1r,208,PRIXUU
"PRIX(NN)","z1r[209]",z1r,209,PRIXNN
"PRK(a01,UU)","z1l[210]",z1l,210,PRK1UU
"PRK(a01,NN)","z1l[211]",z1l,211,PRK1NN
"PRK(a02,UU)","z1l[212]",z1l,212,PRK2UU
"PRK(a02,NN)","z1l[213]",z1l,213,PRK2NN
"PRK(a01,UU)","z1r[210]",z1r,210,PRK1UU
"PRK(a01,NN)","z1r[211]",z1r,211,PRK1NN
"PRK(a02,UU)","z1r[212]",z1r,212,PRK2UU
"PRK(a02,NN)","z1r[213]",z1r,213,PRK2NN
"PRKY(UU)","z1l[214]",z1l,214,PRKYUU
"PRKY(NN)","z1l[215]",z1l,215,PRKYNN
"PRKY(UU)","z1r[214]",z1r,214,PRKYUU
"PRKY(NN)","z1r[215]",z1r,215,PRKYNN
"PRKZ(UU)","z1l[216]",z1l,216,PRKZUU
"PRKZ(NN)","z1l[217]",z1l,217,PRKZNN
"PRKZ(UU)","z1r[216]",z1r,216,PRKZUU
"PRKZ(NN)","z1r[217]",z1r,217,PRKZNN
"PROI(UU)","z1l[218]",z1l,218,PROIUU
"PROI(NN)","z1l[219]",z1l,219,PROINN
"PROI(UU)","z1r[218]",z1r,218,PROIUU
"PROI(NN)","z1r[219]",z1r,219,PROINN
"PRP(a01,UU)","z1l[220]",z1l,220,PRP1UU
"PRP(a01,NN)","z1l[221]",z1l,221,PRP1NN
"PRP(a02,UU)","z1l[222]",z1l,222,PRP2UU
"PRP(a02,NN)","z1l[223]",z1l,223,PRP2NN
"PRP(a01,UU)","z1r[220]",z1r,220,PRP1UU
"PRP(a01,NN)","z1r[221]",z1r,221,PRP1NN
"PRP(a02,UU)","z1r[222]",z1r,222,PRP2UU
"PRP(a02,NN)","z1r[223]",z1r,223,PRP2NN
"PRS(g01,UU)","z1l[224]",z1l,224,PRS1UU
"PRS(g01,NN)","z1l[225]",z1l,225,PRS1NN
"PRS(g02,UU)","z1l[226]",z1l,226,PRS2UU
"PRS(g02,NN)","z1l[227]",z1l,227,PRS2NN
"PRS(g01,UU)","z1r[224]",z1r,224,PRS1UU
"PRS(g01,NN)","z1r[225]",z1r,225,PRS1NN
"PRS(g02,UU)","z1r[226]",z1r,226,PRS2UU
"PRS(g02,NN)","z1r[227]",z1r,227,PRS2NN
"PRX(g01,UU)","z1l[228]",z1l,228,PRX1UU
"PRX(g01,NN)","z1l[229]",z1l,229,PRX1NN
"PRX(g02,UU)","z1l[230]",z1l,230,PRX2UU
"PRX(g02,NN)","z1l[231]",z1l,231,PRX2NN
"PRX(g01,UU)","z1r[228]",z1r,228,PRX1UU
"PRX(g01,NN)","z1r[229]",z1r,229,PRX1NN
"PRX(g02,UU)","z1r[230]",z1r,230,PRX2UU
"PRX(g02,NN)","z1r[231]",z1r,231,PRX2NN
"PRXX(UU)","exo[64]",exo,64,PRXXUU
"PRXX(NN)","exo[65]",exo,65,PRXXNN
"PRY(g01,UU)","z1l[232]",z1l,232,PRY1UU
"PRY(g01,NN)","z1l[233]",z1l,233,PRY1NN
"PRY(g02,UU)","z1l[234]",z1l,234,PRY2UU
"PRY(g02,NN)","z1l[235]",z1l,235,PRY2NN
"PRY(g01,UU)","z1r[232]",z1r,232,PRY1UU
"PRY(g01,NN)","z1r[233]",z1r,233,PRY1NN
"PRY(g02,UU)","z1r[234]",z1r,234,PRY2UU
"PRY(g02,NN)","z1r[235]",z1r,235,PRY2NN
"RB10(UU)","z1l[236]",z1l,236,RB10UU
"RB10(NN)","z1l[237]",z1l,237,RB10NN
"RB10(UU)","z1r[236]",z1r,236,RB10UU
"RB10(NN)","z1r[237]",z1r,237,RB10NN
"REER(UU)","z1l[238]",z1l,238,REERUU
"REER(NN)","z1l[239]",z1l,239,REERNN
"REER(UU)","z1r[238]",z1r,238,REERUU
"REER(NN)","z1r[239]",z1r,239,REERNN
"REXC(UU)","j1l[8]",j1l,8,REXCUU
"REXC(NN)","j1l[9]",j1l,9,REXCNU
"REXC(UU)","yjr[8]",yjr,8,REXCUU
"REXC(NN)","yjr[9]",yjr,9,REXCNU
"REXN(UU)","z1l[240]",z1l,240,REXNUU
"REXN(NN)","z1l[241]",z1l,241,REXNNN
"REXN(UU)","z1r[240]",z1r,240,REXNUU
"REXN(NN)","z1r[241]",z1r,241,REXNNN
"RISE(a01,UU)","exo[66]",exo,66,RISE1UU
"RISE(a01,NN)","exo[67]",exo,67,RISE1NN
"RISE(a02,UU)","exo[68]",exo,68,RISE2UU
"RISE(a02,NN)","exo[69]",exo,69,RISE2NN
"RISH(UU)","exo[70]",exo,70,RISHUU
"RISH(NN)","exo[71]",exo,71,RISHNN
"RISR(UU)","exo[72]",exo,72,RISRUU
"RISR(NN)","exo[73]",exo,73,RISRNN
"RISW(UU)","exo[74]",exo,74,RISWUU
"RISW(NN)","exo[75]",exo,75,RISWNN
"RISY(UU)","exo[76]",exo,76,RISYUU
"RISY(NN)","exo[77]",exo,77,RISYNN
"RISZ(UU)","exo[78]",exo,78,RISZUU
"RISZ(NN)","exo[79]",exo,79,RISZNN
"ROGY(UU)","exo[80]",exo,80,ROGYUU
"ROGY(NN)","exo[81]",exo,81,ROGYNN
"SAVI(UU)","z1l[242]",z1l,242,SAVIUU
"SAVI(NN)","z1l[243]",z1l,243,SAVINN
"SAVI(UU)","z1r[242]",z1r,242,SAVIUU
"SAVI(NN)","z1r[243]",z1r,243,SAVINN
"SAVN(UU)","z1l[244]",z1l,244,SAVNUU
"SAVN(NN)","z1l[245]",z1l,245,SAVNNN
"SAVN(UU)","z1r[244]",z1r,244,SAVNUU
"SAVN(NN)","z1r[245]",z1r,245,SAVNNN
"SAVT(UU)","z1l[246]",z1l,246,SAVTUU
"SAVT(NN)","z1l[247]",z1l,247,SAVTNN
"SAVT(UU)","z1r[246]",z1r,246,SAVTUU
"SAVT(NN)","z1r[247]",z1r,247,SAVTNN
"SHEF(a01,UU)","exo[82]",exo,82,SHEF1UU
"SHEF(a01,NN)","exo[83]",exo,83,SHEF1NN
"SHEF(a02,UU)","exo[84]",exo,84,SHEF2UU
"SHEF(a02,NN)","exo[85]",exo,85,SHEF2NN
"SHEFC(UU)","exo[86]",exo,86,SHEFCUU
"SHEFC(NN)","exo[87]",exo,87,SHEFCNN
"SHK(a01,UU)","exo[88]",exo,88,SHK1UU
"SHK(a01,NN)","exo[89]",exo,89,SHK1NN
"SHK(a02,UU)","exo[90]",exo,90,SHK2UU
"SHK(a02,NN)","exo[91]",exo,91,SHK2NN
"SHKC(UU)","exo[92]",exo,92,SHKCUU
"SHKC(NN)","exo[93]",exo,93,SHKCNN
"SHKI(UU,a01)","exo[94]",exo,94,SHKI1UU
"SHKI(UU,a02)","exo[95]",exo,95,SHKI2UU
"SHKI(NN,a01)","exo[96]",exo,96,SHKI1NN
"SHKI(NN,a02)","exo[97]",exo,97,SHKI2NN
"SHKM(UU)","exo[98]",exo,98,SHKMUU
"SHKM(NN)","exo[99]",exo,99,SHKMNN
"SHL(UU,a01)","exo[100]",exo,100,SHL1UU
"SHL(UU,a02)","exo[101]",exo,101,SHL2UU
"SHL(NN,a01)","exo[102]",exo,102,SHL1NN
"SHL(NN,a02)","exo[103]",exo,103,SHL2NN
"SHLY(UU)","exo[104]",exo,104,SHLYUU
"SHLY(NN)","exo[105]",exo,105,SHLYNN
"SHLZ(UU)","exo[106]",exo,106,SHLZUU
"SHLZ(NN)","exo[107]",exo,107,SHLZNN
"SHY(a01,UU)","exo[108]",exo,108,SHY1UU
"SHY(a01,NN)","exo[109]",exo,109,SHY1NN
"SHY(a02,UU)","exo[110]",exo,110,SHY2UU
"SHY(a02,NN)","exo[111]",exo,111,SHY2NN
"SHYY(UU)","exo[112]",exo,112,SHYYUU
"SHYY(NN)","exo[113]",exo,113,SHYYNN
"SHYZ(UU)","exo[114]",exo,114,SHYZUU
"SHYZ(NN)","exo[115]",exo,115,SHYZNN
"STM(a01,UU)","z1l[248]",z1l,248,STM1UU
"STM(a01,NN)","z1l[249]",z1l,249,STM1NN
"STM(a02,UU)","z1l[250]",z1l,250,STM2UU
"STM(a02,NN)","z1l[251]",z1l,251,STM2NN
"STM(a01,UU)","z1r[248]",z1r,248,STM1UU
"STM(a01,NN)","z1r[249]",z1r,249,STM1NN
"STM(a02,UU)","z1r[250]",z1r,250,STM2UU
"STM(a02,NN)","z1r[251]",z1r,251,STM2NN
"STMT(UU)","z1l[252]",z1l,252,STMTUU
"STMT(NN)","z1l[253]",z1l,253,STMTNN
"STMT(UU)","z1r[252]",z1r,252,STMTUU
"STMT(NN)","z1r[253]",z1r,253,STMTNN
"TAX(g01,UU)","exo[116]",exo,116,TAX1UU
"TAX(g01,NN)","exo[117]",exo,117,TAX1NN
"TAX(g02,UU)","exo[118]",exo,118,TAX2UU
"TAX(g02,NN)","exo[119]",exo,119,TAX2NN
"TAXC(UU)","z1l[254]",z1l,254,TAXCUU
"TAXC(NN)","z1l[255]",z1l,255,TAXCNN
"TAXC(UU)","z1r[254]",z1r,254,TAXCUU
"TAXC(NN)","z1r[255]",z1r,255,TAXCNN
"TAXE(UU)","exo[120]",exo,120,TAXEUU
"TAXE(NN)","exo[121]",exo,121,TAXENN
"TAXH(UU)","z1l[256]",z1l,256,TAXHUU
"TAXH(NN)","z1l[257]",z1l,257,TAXHNN
"TAXH(UU)","z1r[256]",z1r,256,TAXHUU
"TAXH(NN)","z1r[257]",z1r,257,TAXHNN
"TAXL(UU)","z1l[258]",z1l,258,TAXLUU
"TAXL(NN)","z1l[259]",z1l,259,TAXLNN
"TAXL(UU)","z1r[258]",z1r,258,TAXLUU
"TAXL(NN)","z1r[259]",z1r,259,TAXLNN
"TAXM(UU)","z1l[260]",z1l,260,TAXMUU
"TAXM(NN)","z1l[261]",z1l,261,TAXMNN
"TAXM(UU)","z1r[260]",z1r,260,TAXMUU
"TAXM(NN)","z1r[261]",z1r,261,TAXMNN
"TAXS(UU)","exo[122]",exo,122,TAXSUU
"TAXS(NN)","exo[123]",exo,123,TAXSNN
"TAXT(UU)","z1l[262]",z1l,262,TAXTUU
"TAXT(NN)","z1l[263]",z1l,263,TAXTNN
"TAXT(UU)","z1r[262]",z1r,262,TAXTUU
"TAXT(NN)","z1r[263]",z1r,263,TAXTNN
"TAXX(UU)","z1l[264]",z1l,264,TAXXUU
"TAXX(NN)","z1l[265]",z1l,265,TAXXNN
"TAXX(UU)","z1r[264]",z1r,264,TAXXUU
"TAXX(NN)","z1r[265]",z1r,265,TAXXNN
"TBAL(UU)","z1l[266]",z1l,266,TBALUU
"TBAL(NN)","z1l[267]",z1l,267,TBALNN
"TBAL(UU)","z1r[266]",z1r,266,TBALUU
"TBAL(NN)","z1r[267]",z1r,267,TBALNN
"TBAU(UU)","z1l[268]",z1l,268,TBAUUU
"TBAU(NN)","z1l[269]",z1l,269,TBAUNN
"TBAU(UU)","z1r[268]",z1r,268,TBAUUU
"TBAU(NN)","z1r[269]",z1r,269,TBAUNN
"TBFD(UU)","exo[124]",exo,124,TBFDUU
"TBFD(NN)","exo[125]",exo,125,TBFDNN
"TBFI(UU)","exo[126]",exo,126,TBFIUU
"TBFI(NN)","exo[127]",exo,127,TBFINN
"TBFX(UU)","exo[128]",exo,128,TBFXUU
"TBFX(NN)","exo[129]",exo,129,TBFXNN
"TCAW()","z1l[270]",z1l,270,TCAW
"TCAW()","z1r[270]",z1r,270,TCAW
"TCAX(UU)","exo[130]",exo,130,TCAXUU
"TCAX(NN)","exo[131]",exo,131,TCAXNN
"TCOR(UU)","exo[132]",exo,132,TCORUU
"TCOR(NN)","exo[133]",exo,133,TCORNN
"TCP(g01,UU)","exo[134]",exo,134,TCP1UU
"TCP(g01,NN)","exo[135]",exo,135,TCP1NN
"TCP(g02,UU)","exo[136]",exo,136,TCP2UU
"TCP(g02,NN)","exo[137]",exo,137,TCP2NN
"TEX(g01,UU)","exo[138]",exo,138,TEX1UU
"TEX(g01,NN)","exo[139]",exo,139,TEX1NN
"TEX(g02,UU)","exo[140]",exo,140,TEX2UU
"TEX(g02,NN)","exo[141]",exo,141,TEX2NN
"TIF(g01,UU)","exo[142]",exo,142,TIF1UU
"TIF(g01,NN)","exo[143]",exo,143,TIF1NN
"TIF(g02,UU)","exo[144]",exo,144,TIF2UU
"TIF(g02,NN)","exo[145]",exo,145,TIF2NN
"TIM(g01,UU,UU)","exo[146]",exo,146,TIM1UU
"TIM(g01,UU,NN)","exo[147]",exo,147,TIM1UN
"TIM(g01,NN,UU)","exo[148]",exo,148,TIM1NU
"TIM(g01,NN,NN)","exo[149]",exo,149,TIM1NN
"TIM(g02,UU,UU)","exo[150]",exo,150,TIM2UU
"TIM(g02,UU,NN)","exo[151]",exo,151,TIM2UN
"TIM(g02,NN,UU)","exo[152]",exo,152,TIM2NU
"TIM(g02,NN,NN)","exo[153]",exo,153,TIM2NN
"TINC(UU)","exo[154]",exo,154,TINCUU
"TINC(NN)","exo[155]",exo,155,TINCNN
"TITC(a01,UU)","exo[156]",exo,156,TITC1UU
"TITC(a01,NN)","exo[157]",exo,157,TITC1NN
"TITC(a02,UU)","exo[158]",exo,158,TITC2UU
"TITC(a02,NN)","exo[159]",exo,159,TITC2NN
"TITCH(UU)","exo[160]",exo,160,TITCHUU
"TITCH(NN)","exo[161]",exo,161,TITCHNN
"TIX(g01,UU)","exo[162]",exo,162,TIX1UU
"TIX(g01,NN)","exo[163]",exo,163,TIX1NN
"TIX(g02,UU)","exo[164]",exo,164,TIX2UU
"TIX(g02,NN)","exo[165]",exo,165,TIX2NN
"TOB(a01,UU)","z1l[271]",z1l,271,TOB1UU
"TOB(a01,NN)","z1l[272]",z1l,272,TOB1NN
"TOB(a02,UU)","z1l[273]",z1l,273,TOB2UU
"TOB(a02,NN)","z1l[274]",z1l,274,TOB2NN
"TOB(a01,UU)","z1r[271]",z1r,271,TOB1UU
"TOB(a01,NN)","z1r[272]",z1r,272,TOB1NN
"TOB(a02,UU)","z1r[273]",z1r,273,TOB2UU
"TOB(a02,NN)","z1r[274]",z1r,274,TOB2NN
"TOBY(UU)","z1l[275]",z1l,275,TOBYUU
"TOBY(NN)","z1l[276]",z1l,276,TOBYNN
"TOBY(UU)","z1r[275]",z1r,275,TOBYUU
"TOBY(NN)","z1r[276]",z1r,276,TOBYNN
"TOBZ(UU)","z1l[277]",z1l,277,TOBZUU
"TOBZ(NN)","z1l[278]",z1l,278,TOBZNN
"TOBZ(UU)","z1r[277]",z1r,277,TOBZUU
"TOBZ(NN)","z1r[278]",z1r,278,TOBZNN
"TPA(a01,UU)","x1l[32]",x1l,32,TPA1UU
"TPA(a01,NN)","x1l[33]",x1l,33,TPA1NN
"TPA(a02,UU)","x1l[34]",x1l,34,TPA2UU
"TPA(a02,NN)","x1l[35]",x1l,35,TPA2NN
"TPA(a01,UU)","yxr[32]",yxr,32,TPA1UU
"TPA(a01,NN)","yxr[33]",yxr,33,TPA1NN
"TPA(a02,UU)","yxr[34]",yxr,34,TPA2UU
"TPA(a02,NN)","yxr[35]",yxr,35,TPA2NN
"TPAY(UU)","x1l[36]",x1l,36,TPAYUU
"TPAY(NN)","x1l[37]",x1l,37,TPAYNN
"TPAY(UU)","yxr[36]",yxr,36,TPAYUU
"TPAY(NN)","yxr[37]",yxr,37,TPAYNN
"TPAZ(UU)","x1l[38]",x1l,38,TPAZUU
"TPAZ(NN)","x1l[39]",x1l,39,TPAZNN
"TPAZ(UU)","yxr[38]",yxr,38,TPAZUU
"TPAZ(NN)","yxr[39]",yxr,39,TPAZNN
"TRAN(UU)","z1l[279]",z1l,279,TRANUU
"TRAN(NN)","z1l[280]",z1l,280,TRANNN
"TRAN(UU)","z1r[279]",z1r,279,TRANUU
"TRAN(NN)","z1r[280]",z1r,280,TRANNN
"TRANX(UU)","exo[166]",exo,166,TRANXUU
"TRANX(NN)","exo[167]",exo,167,TRANXNN
"TXM(g01,UU)","z1l[281]",z1l,281,TXM1UU
"TXM(g01,NN)","z1l[282]",z1l,282,TXM1NN
"TXM(g02,UU)","z1l[283]",z1l,283,TXM2UU
"TXM(g02,NN)","z1l[284]",z1l,284,TXM2NN
"TXM(g01,UU)","z1r[281]",z1r,281,TXM1UU
"TXM(g01,NN)","z1r[282]",z1r,282,TXM1NN
"TXM(g02,UU)","z1r[283]",z1r,283,TXM2UU
"TXM(g02,NN)","z1r[284]",z1r,284,TXM2NN
"WAG(a01,UU)","z1l[285]",z1l,285,WAG1UU
"WAG(a01,NN)","z1l[286]",z1l,286,WAG1NN
"WAG(a02,UU)","z1l[287]",z1l,287,WAG2UU
"WAG(a02,NN)","z1l[288]",z1l,288,WAG2NN
"WAG(a01,UU)","z1r[285]",z1r,285,WAG1UU
"WAG(a01,NN)","z1r[286]",z1r,286,WAG1NN
"WAG(a02,UU)","z1r[287]",z1r,287,WAG2UU
"WAG(a02,NN)","z1r[288]",z1r,288,WAG2NN
"WAGE(UU)","x1l[40]",x1l,40,WAGEUU
"WAGE(NN)","x1l[41]",x1l,41,WAGENN
"WAGE(UU)","yxr[40]",yxr,40,WAGEUU
"WAGE(NN)","yxr[41]",yxr,41,WAGENN
"WAGG(UU)","z1l[289]",z1l,289,WAGGUU
"WAGG(NN)","z1l[290]",z1l,290,WAGGNN
"WAGG(UU)","z1r[289]",z1r,289,WAGGUU
"WAGG(NN)","z1r[290]",z1r,290,WAGGNN
"WELH(UU)","j1l[10]",j1l,10,WELHUU
"WELH(NN)","j1l[11]",j1l,11,WELHNN
"WELH(UU)","yjr[10]",yjr,10,WELHUU
"WELH(NN)","yjr[11]",yjr,11,WELHNN
"WELT(UU)","z1l[291]",z1l,291,WELTUU
"WELT(NN)","z1l[292]",z1l,292,WELTNN
"WELT(UU)","z1r[291]",z1r,291,WELTUU
"WELT(NN)","z1r[292]",z1r,292,WELTNN
"YGRO(UU)","z1l[293]",z1l,293,YGROUU
"YGRO(NN)","z1l[294]",z1l,294,YGRONN
"YGRO(UU)","z1r[293]",z1r,293,YGROUU
"YGRO(NN)","z1r[294]",z1r,294,YGRONN
"YRATN(UU)","exo[168]",exo,168,YRATNUU
"YRATN(NN)","exo[169]",exo,169,YRATNNN
"YRATP(UU)","exo[170]",exo,170,YRATPUU
"YRATP(NN)","exo[171]",exo,171,YRATPNN
"YRATR(UU)","exo[172]",exo,172,YRATRUU
"YRATR(NN)","exo[173]",exo,173,YRATRNN
